,classify,feature,1-open,1-high,1-low,1-close,1-volume,1-adj close,2-open,2-high,2-low,2-close,2-volume,2-adj close,3-open,3-high,3-low,3-close,3-volume,3-adj close
0,1,0.5646640655959758,64.15,64.55,63.80,64.00,19670686,64.00,66.10,66.45,65.70,66.00,15003660,65.95,65.80,66.05,65.70,65.70,8106253,65.70
1,-2,0.24891478097102024,66.10,66.45,65.70,66.00,15003660,65.95,65.80,66.05,65.70,65.70,8106253,65.70,66.25,66.25,65.70,66.10,11314185,66.05
2,1,0.16884707705340235,65.80,66.05,65.70,65.70,8106253,65.70,66.25,66.25,65.70,66.10,11314185,66.05,66.65,66.70,66.15,66.65,6657762,66.60
3,-1,-0.4420629561850481,66.25,66.25,65.70,66.10,11314185,66.05,66.65,66.70,66.15,66.65,6657762,66.60,65.80,66.70,65.60,66.70,16238916,66.65
4,-1,-0.711171006765911,66.65,66.70,66.15,66.65,6657762,66.60,65.80,66.70,65.60,66.70,16238916,66.65,65.00,65.75,64.90,65.50,11487395,65.50
5,-1,-0.06240612923638027,65.80,66.70,65.60,66.70,16238916,66.65,65.00,65.75,64.90,65.50,11487395,65.50,65.05,65.65,64.85,65.50,17507959,65.45
6,1,-0.8007926668148945,65.00,65.75,64.90,65.50,11487395,65.50,65.05,65.65,64.85,65.50,17507959,65.45,65.30,65.65,64.65,65.30,20703888,65.25
7,1,0.018003165440740578,65.05,65.65,64.85,65.50,17507959,65.45,65.30,65.65,64.65,65.30,20703888,65.25,65.65,65.70,65.20,65.40,17179426,65.40
8,1,-0.1222569661995407,65.30,65.65,64.65,65.30,20703888,65.25,65.65,65.70,65.20,65.40,17179426,65.40,65.50,65.85,65.25,65.60,23172009,65.60
9,-1,-0.3595761188833073,65.65,65.70,65.20,65.40,17179426,65.40,65.50,65.85,65.25,65.60,23172009,65.60,66.70,66.85,65.70,65.95,23056032,65.90
10,-1,-0.10186459263860938,65.50,65.85,65.25,65.60,23172009,65.60,66.70,66.85,65.70,65.95,23056032,65.90,66.55,66.80,66.30,66.55,25198120,66.55
11,-1,0.35567690901717625,66.70,66.85,65.70,65.95,23056032,65.90,66.55,66.80,66.30,66.55,25198120,66.55,66.90,67.00,66.65,66.80,14803800,66.75
12,-1,-0.08203586421916406,66.55,66.80,66.30,66.55,25198120,66.55,66.90,67.00,66.65,66.80,14803800,66.75,67.35,67.35,66.55,66.95,27057800,66.90
13,-1,0.16283546802122004,66.90,67.00,66.65,66.80,14803800,66.75,67.35,67.35,66.55,66.95,27057800,66.90,68.20,68.25,67.85,68.00,12117026,67.95
14,-1,0.3897114565704412,67.35,67.35,66.55,66.95,27057800,66.90,68.20,68.25,67.85,68.00,12117026,67.95,67.70,68.05,67.60,67.85,16231841,67.80
15,-1,-0.3623006221060728,68.20,68.25,67.85,68.00,12117026,67.95,67.70,68.05,67.60,67.85,16231841,67.80,67.50,68.20,67.45,67.70,16515909,67.65
16,1,-0.10491938269311996,67.70,68.05,67.60,67.85,16231841,67.80,67.50,68.20,67.45,67.70,16515909,67.65,67.65,67.65,67.15,67.20,18030287,67.15
17,1,0.21186765676352182,67.50,68.20,67.45,67.70,16515909,67.65,67.65,67.65,67.15,67.20,18030287,67.15,67.15,67.75,67.15,67.75,13125698,67.70
18,1,-0.09314578947485255,67.65,67.65,67.15,67.20,18030287,67.15,67.15,67.75,67.15,67.75,13125698,67.70,68.40,68.40,67.60,67.75,19509840,67.70
19,-1,-0.5601963689405008,67.15,67.75,67.15,67.75,13125698,67.70,68.40,68.40,67.60,67.75,19509840,67.70,57.70,58.20,57.70,57.95,22328857,57.90
20,1,0.7364953598583561,68.40,68.40,67.60,67.75,19509840,67.70,57.70,58.20,57.70,57.95,22328857,57.90,57.45,57.55,57.35,57.40,8235696,57.35
21,2,0.17796223375430037,57.70,58.20,57.70,57.95,22328857,57.90,57.45,57.55,57.35,57.40,8235696,57.35,57.15,57.55,57.15,57.55,18604541,57.50
22,1,0.3326350358104013,57.45,57.55,57.35,57.40,8235696,57.35,57.15,57.55,57.15,57.55,18604541,57.50,56.60,56.95,56.60,56.95,5582078,56.90
23,-1,0.6877079892119129,57.15,57.55,57.15,57.55,18604541,57.50,56.60,56.95,56.60,56.95,5582078,56.90,56.90,56.90,56.60,56.60,6020179,56.60
24,1,-1.8668570569526826,56.60,56.95,56.60,56.95,5582078,56.90,56.90,56.90,56.60,56.60,6020179,56.60,56.40,56.70,56.30,56.60,16027524,56.60
25,1,-1.122816455114828,56.90,56.90,56.60,56.60,6020179,56.60,56.40,56.70,56.30,56.60,16027524,56.60,55.95,56.20,55.80,56.00,12853797,55.95
26,1,-2.586006627456261,56.40,56.70,56.30,56.60,16027524,56.60,55.95,56.20,55.80,56.00,12853797,55.95,56.40,56.40,55.60,55.80,57559609,55.75
27,1,-0.694656722696075,55.95,56.20,55.80,56.00,12853797,55.95,56.40,56.40,55.60,55.80,57559609,55.75,58.10,58.20,57.45,57.60,21325343,57.55
28,1,0.7714477166822001,56.40,56.40,55.60,55.80,57559609,55.75,58.10,58.20,57.45,57.60,21325343,57.55,58.30,58.80,58.30,58.65,10706035,58.65
29,-2,0.6667628672843254,58.10,58.20,57.45,57.60,21325343,57.55,58.30,58.80,58.30,58.65,10706035,58.65,58.60,58.75,58.35,58.50,6904868,58.50
30,-1,0.36382538575443757,58.30,58.80,58.30,58.65,10706035,58.65,58.60,58.75,58.35,58.50,6904868,58.50,58.45,58.65,58.35,58.65,6838219,58.65
31,1,-0.010216989927759778,58.60,58.75,58.35,58.50,6904868,58.50,58.45,58.65,58.35,58.65,6838219,58.65,58.75,58.85,58.50,58.55,6963662,58.55
32,-1,0.1745445632626134,58.45,58.65,58.35,58.65,6838219,58.65,58.75,58.85,58.50,58.55,6963662,58.55,58.40,58.80,58.40,58.80,5627156,58.75
33,1,-0.1706246869977178,58.75,58.85,58.50,58.55,6963662,58.55,58.40,58.80,58.40,58.80,5627156,58.75,58.60,58.70,58.30,58.65,8169584,58.60
34,-1,-1.2688038155333459,58.40,58.80,58.40,58.80,5627156,58.75,58.60,58.70,58.30,58.65,8169584,58.60,58.50,58.75,58.50,58.55,12771698,58.55
35,1,-0.4249258225415329,58.60,58.70,58.30,58.65,8169584,58.60,58.50,58.75,58.50,58.55,12771698,58.55,57.95,58.45,57.95,58.40,11675845,58.40
36,1,0.6804818391281869,58.50,58.75,58.50,58.55,12771698,58.55,57.95,58.45,57.95,58.40,11675845,58.40,57.70,57.85,57.60,57.80,4276441,57.80
37,1,0.47499050019940176,57.95,58.45,57.95,58.40,11675845,58.40,57.70,57.85,57.60,57.80,4276441,57.80,58.00,58.20,57.80,57.90,6179869,57.90
38,1,-0.10532085342235212,57.70,57.85,57.60,57.80,4276441,57.80,58.00,58.20,57.80,57.90,6179869,57.90,57.50,57.65,57.50,57.55,4741624,57.55
39,-1,-0.3800866448042051,58.00,58.20,57.80,57.90,6179869,57.90,57.50,57.65,57.50,57.55,4741624,57.55,57.65,57.80,57.40,57.55,8571228,57.50
40,1,-0.6091300236927839,57.50,57.65,57.50,57.55,4741624,57.55,57.65,57.80,57.40,57.55,8571228,57.50,57.70,57.95,57.70,57.80,7605215,57.80
41,1,-0.5334046783246055,57.65,57.80,57.40,57.55,8571228,57.50,57.70,57.95,57.70,57.80,7605215,57.80,57.75,57.90,57.70,57.70,13128332,57.70
42,-1,-0.955343800273891,57.70,57.95,57.70,57.80,7605215,57.80,57.75,57.90,57.70,57.70,13128332,57.70,57.75,57.95,57.55,57.70,14870810,57.70
43,1,-0.11470473300993111,57.75,57.90,57.70,57.70,13128332,57.70,57.75,57.95,57.55,57.70,14870810,57.70,58.45,58.45,57.70,57.85,14509506,57.85
44,1,0.26249043621674795,57.75,57.95,57.55,57.70,14870810,57.70,58.45,58.45,57.70,57.85,14509506,57.85,58.70,58.75,58.35,58.55,10762073,58.55
45,-1,0.2265821727048563,58.45,58.45,57.70,57.85,14509506,57.85,58.70,58.75,58.35,58.55,10762073,58.55,68.70,68.70,68.40,68.40,8677472,68.35
46,-1,-0.8326724839184121,58.70,58.75,58.35,58.55,10762073,58.55,68.70,68.70,68.40,68.40,8677472,68.35,68.95,68.95,68.05,68.65,17854876,68.60
47,-2,0.13435840428189402,68.70,68.70,68.40,68.40,8677472,68.35,68.95,68.95,68.05,68.65,17854876,68.60,69.40,69.50,69.25,69.25,7410533,69.25
48,-1,0.5799170552444681,68.95,68.95,68.05,68.65,17854876,68.60,69.40,69.50,69.25,69.25,7410533,69.25,69.30,69.30,68.65,69.00,7409895,68.95
49,-1,0.277917152644115,69.40,69.50,69.25,69.25,7410533,69.25,69.30,69.30,68.65,69.00,7409895,68.95,69.00,69.15,68.80,69.00,5388338,68.95
50,1,0.06551985773533439,69.30,69.30,68.65,69.00,7409895,68.95,69.00,69.15,68.80,69.00,5388338,68.95,68.90,69.45,68.85,69.25,6908361,69.25
51,1,-2.3005404174966464,69.00,69.15,68.80,69.00,5388338,68.95,68.90,69.45,68.85,69.25,6908361,69.25,69.70,69.70,68.60,68.75,17741570,68.75
52,-1,0.22938143789787827,68.90,69.45,68.85,69.25,6908361,69.25,69.70,69.70,68.60,68.75,17741570,68.75,69.25,69.95,69.25,69.80,5273975,69.75
53,1,0.8686503368942141,69.70,69.70,68.60,68.75,17741570,68.75,69.25,69.95,69.25,69.80,5273975,69.75,69.05,69.30,68.85,69.20,2432166,69.15
54,-1,0.2685523115429023,69.25,69.95,69.25,69.80,5273975,69.75,69.05,69.30,68.85,69.20,2432166,69.15,69.25,69.45,69.20,69.35,3895335,69.35
55,1,-2.132010980766781,69.05,69.30,68.85,69.20,2432166,69.15,69.25,69.45,69.20,69.35,3895335,69.35,68.95,69.40,68.95,69.25,7614061,69.25
56,-1,0.5642103744623966,69.25,69.45,69.20,69.35,3895335,69.35,68.95,69.40,68.95,69.25,7614061,69.25,68.60,68.80,68.55,68.60,1734004,68.60
57,1,0.6190510356119091,68.95,69.40,68.95,69.25,7614061,69.25,68.60,68.80,68.55,68.60,1734004,68.60,68.75,68.90,68.60,68.65,2955425,68.65
58,1,-3.3506557839409505,68.60,68.80,68.55,68.60,1734004,68.60,68.75,68.90,68.60,68.65,2955425,68.65,68.10,68.95,68.10,68.75,7540274,68.70
59,-1,-0.02119609539972556,68.75,68.90,68.60,68.65,2955425,68.65,68.10,68.95,68.10,68.75,7540274,68.70,68.00,68.10,67.80,67.90,3052384,67.85
60,-1,-0.109220736433161,68.10,68.95,68.10,68.75,7540274,68.70,68.00,68.10,67.80,67.90,3052384,67.85,67.70,68.05,67.70,68.00,8462251,68.00
61,1,-1.1996155366398513,68.00,68.10,67.80,67.90,3052384,67.85,67.70,68.05,67.70,68.00,8462251,68.00,67.30,67.75,67.00,67.75,6729759,67.70
62,-1,0.7266660797151359,67.70,68.05,67.70,68.00,8462251,68.00,67.30,67.75,67.00,67.75,6729759,67.70,67.10,67.10,66.60,66.90,2431156,66.85
63,1,0.4294021699857574,67.30,67.75,67.00,67.75,6729759,67.70,67.10,67.10,66.60,66.90,2431156,66.85,67.10,67.25,66.75,67.10,3889652,67.10
64,1,-1.4640820148780014,67.10,67.10,66.60,66.90,2431156,66.85,67.10,67.25,66.75,67.10,3889652,67.10,67.00,67.25,66.95,67.10,5985133,67.10
65,-1,-0.3338853075481027,67.10,67.25,66.75,67.10,3889652,67.10,67.00,67.25,66.95,67.10,5985133,67.10,66.15,66.75,66.05,66.75,5217269,66.70
66,1,0.2855908711154616,67.00,67.25,66.95,67.10,5985133,67.10,66.15,66.75,66.05,66.75,5217269,66.70,66.00,66.30,65.85,66.10,4360382,66.05
67,1,-0.5404323986361448,66.15,66.75,66.05,66.75,5217269,66.70,66.00,66.30,65.85,66.10,4360382,66.05,66.00,66.15,65.75,66.05,8083747,66.05
68,1,-2.2592868077640365,66.00,66.30,65.85,66.10,4360382,66.05,66.00,66.15,65.75,66.05,8083747,66.05,65.45,65.70,65.05,65.70,14251196,65.65
69,1,0.26085722624740976,66.00,66.15,65.75,66.05,8083747,66.05,65.45,65.70,65.05,65.70,14251196,65.65,65.75,65.90,65.40,65.70,6005594,65.70
70,1,0.5178470874264648,65.45,65.70,65.05,65.70,14251196,65.65,65.75,65.90,65.40,65.70,6005594,65.70,65.30,65.75,65.05,65.70,6860410,65.65
71,1,-2.2681113581073222,65.75,65.90,65.40,65.70,6005594,65.70,65.30,65.75,65.05,65.70,6860410,65.65,66.40,66.40,65.10,65.25,19581384,65.20
72,1,0.4382975952345696,65.30,65.75,65.05,65.70,6860410,65.65,66.40,66.40,65.10,65.25,19581384,65.20,66.20,66.70,66.10,66.60,3754385,66.55
73,1,0.34620035213775396,66.40,66.40,65.10,65.25,19581384,65.20,66.20,66.70,66.10,66.60,3754385,66.55,65.95,66.30,65.90,66.25,12831792,66.20
74,-2,-1.9821703889883613,66.20,66.70,66.10,66.60,3754385,66.55,65.95,66.30,65.90,66.25,12831792,66.20,67.85,67.85,66.60,66.75,11131485,66.70
75,1,0.7568690920318062,65.95,66.30,65.90,66.25,12831792,66.20,67.85,67.85,66.60,66.75,11131485,66.70,67.45,67.95,67.45,67.85,2800462,67.85
76,-1,0.3513525804837583,67.85,67.85,66.60,66.75,11131485,66.70,67.45,67.95,67.45,67.85,2800462,67.85,67.75,67.95,67.20,67.45,7204003,67.40
77,-1,0.014905053280526048,67.45,67.95,67.45,67.85,2800462,67.85,67.75,67.95,67.20,67.45,7204003,67.40,67.45,67.80,67.30,67.50,2764903,67.50
78,1,0.22318999185049296,67.75,67.95,67.20,67.45,7204003,67.40,67.45,67.80,67.30,67.50,2764903,67.50,68.40,68.40,67.45,67.65,5548433,67.60
79,-1,-0.40106114686178623,67.45,67.80,67.30,67.50,2764903,67.50,68.40,68.40,67.45,67.65,5548433,67.60,68.30,68.40,68.10,68.40,3849330,68.35
80,-1,0.2538609528679708,68.40,68.40,67.45,67.65,5548433,67.60,68.30,68.40,68.10,68.40,3849330,68.35,67.70,68.20,67.50,68.10,4156126,68.05
81,-1,-0.3727384922899091,68.30,68.40,68.10,68.40,3849330,68.35,67.70,68.20,67.50,68.10,4156126,68.05,67.75,67.95,67.50,67.50,5309448,67.50
82,1,-0.5251248017125151,67.70,68.20,67.50,68.10,4156126,68.05,67.75,67.95,67.50,67.50,5309448,67.50,67.05,67.60,67.00,67.50,6375175,67.45
83,1,-0.5099281278557011,67.75,67.95,67.50,67.50,5309448,67.50,67.05,67.60,67.00,67.50,6375175,67.45,67.95,68.00,67.30,67.50,8012978,67.50
84,1,0.19453140478821515,67.05,67.60,67.00,67.50,6375175,67.45,67.95,68.00,67.30,67.50,8012978,67.50,68.95,69.00,68.10,68.35,5002973,68.30
85,1,0.4908432536127092,67.95,68.00,67.30,67.50,8012978,67.50,68.95,69.00,68.10,68.35,5002973,68.30,68.95,69.05,68.75,68.95,3956132,68.95
86,-1,0.3877587128722248,68.95,69.00,68.10,68.35,5002973,68.30,68.95,69.05,68.75,68.95,3956132,68.95,68.25,68.80,68.25,68.70,3077528,68.65
87,-1,-0.966669766020544,68.95,69.05,68.75,68.95,3956132,68.95,68.25,68.80,68.25,68.70,3077528,68.65,68.35,68.70,68.15,68.30,7800458,68.25
88,1,-0.8235028148989165,68.25,68.80,68.25,68.70,3077528,68.65,68.35,68.70,68.15,68.30,7800458,68.25,67.80,68.45,67.80,68.35,5627537,68.35
89,1,0.6111340150648857,68.35,68.70,68.15,68.30,7800458,68.25,67.80,68.45,67.80,68.35,5627537,68.35,67.65,67.85,67.50,67.85,3129845,67.75
90,-1,0.02959671508224613,67.80,68.45,67.80,68.35,5627537,68.35,67.65,67.85,67.50,67.85,3129845,67.75,67.80,67.90,67.60,67.75,5506198,67.70
91,1,-0.7598608451576059,67.65,67.85,67.50,67.85,3129845,67.75,67.80,67.90,67.60,67.75,5506198,67.70,67.50,67.70,67.30,67.60,5515011,67.60
92,1,-0.2860116908255025,67.80,67.90,67.60,67.75,5506198,67.70,67.50,67.70,67.30,67.60,5515011,67.60,67.80,67.90,67.35,67.70,7081035,67.70
93,1,-0.47292639119499913,67.50,67.70,67.30,67.60,5515011,67.60,67.80,67.90,67.35,67.70,7081035,67.70,67.10,67.80,66.90,67.70,8115059,67.65
94,-1,-0.638755043519433,67.80,67.90,67.35,67.70,7081035,67.70,67.10,67.80,66.90,67.70,8115059,67.65,66.80,67.55,66.65,67.10,11640582,67.05
95,1,-0.16932191220324141,67.10,67.80,66.90,67.70,8115059,67.65,66.80,67.55,66.65,67.10,11640582,67.05,65.95,66.75,65.85,66.55,9614792,66.55
96,1,0.37138876717878344,66.80,67.55,66.65,67.10,11640582,67.05,65.95,66.75,65.85,66.55,9614792,66.55,65.30,66.00,65.20,65.95,7584505,65.90
97,1,0.06149707230291606,65.95,66.75,65.85,66.55,9614792,66.55,65.30,66.00,65.20,65.95,7584505,65.90,65.35,65.35,64.50,65.35,9225169,65.30
98,1,-0.20496564436907289,65.30,66.00,65.20,65.95,7584505,65.90,65.35,65.35,64.50,65.35,9225169,65.30,64.75,65.40,64.75,65.35,9208018,65.35
99,1,0.1936680027312223,65.35,65.35,64.50,65.35,9225169,65.30,64.75,65.40,64.75,65.35,9208018,65.35,64.65,64.80,64.60,64.65,7516190,64.65
100,1,0.14052517966320766,64.75,65.40,64.75,65.35,9208018,65.35,64.65,64.80,64.60,64.65,7516190,64.65,64.85,65.05,64.70,64.80,7963338,64.75
101,1,-0.8325301937928592,64.65,64.80,64.60,64.65,7516190,64.65,64.85,65.05,64.70,64.80,7963338,64.75,64.80,65.00,64.60,64.70,13750447,64.70
102,-1,0.5524756156020352,64.85,65.05,64.70,64.80,7963338,64.75,64.80,65.00,64.60,64.70,13750447,64.70,64.95,65.10,64.70,64.75,3557667,64.75
103,1,0.27683410823494853,64.80,65.00,64.60,64.70,13750447,64.70,64.95,65.10,64.70,64.75,3557667,64.75,64.65,65.05,64.55,64.95,9933277,64.95
104,-1,-1.6753977314903719,64.95,65.10,64.70,64.75,3557667,64.75,64.65,65.05,64.55,64.95,9933277,64.95,64.40,64.80,64.30,64.50,9534569,64.50
105,-1,0.6212642927164642,64.65,65.05,64.55,64.95,9933277,64.95,64.40,64.80,64.30,64.50,9534569,64.50,63.90,64.45,63.85,64.35,3853708,64.35
106,1,0.7390836154623309,64.40,64.80,64.30,64.50,9534569,64.50,63.90,64.45,63.85,64.35,3853708,64.35,63.85,64.00,63.60,63.90,2605436,63.85
107,1,0.1464243189763391,63.90,64.45,63.85,64.35,3853708,64.35,63.85,64.00,63.60,63.90,2605436,63.85,63.90,63.90,63.70,63.85,3322318,63.85
108,1,-0.7318260720086771,63.85,64.00,63.60,63.90,2605436,63.85,63.90,63.90,63.70,63.85,3322318,63.85,64.00,64.10,63.90,64.00,4508091,63.95
109,1,-0.522052482615271,63.90,63.90,63.70,63.85,3322318,63.85,64.00,64.10,63.90,64.00,4508091,63.95,64.20,64.25,64.05,64.15,5038545,64.15
110,-1,-0.5210872643325661,64.00,64.10,63.90,64.00,4508091,63.95,64.20,64.25,64.05,64.15,5038545,64.15,63.85,64.30,63.85,64.20,6843134,64.20
111,-1,0.23321799716800304,64.20,64.25,64.05,64.15,5038545,64.15,63.85,64.30,63.85,64.20,6843134,64.20,63.60,63.85,63.60,63.80,3894834,63.75
112,-1,0.49864854401488495,63.85,64.30,63.85,64.20,6843134,64.20,63.60,63.85,63.60,63.80,3894834,63.75,63.65,63.75,63.40,63.55,3489349,63.50
113,1,0.5697610956553498,63.60,63.85,63.60,63.80,3894834,63.75,63.65,63.75,63.40,63.55,3489349,63.50,63.30,63.40,63.10,63.40,1703159,63.35
114,1,0.03154541929021778,63.65,63.75,63.40,63.55,3489349,63.50,63.30,63.40,63.10,63.40,1703159,63.35,63.40,63.55,63.30,63.40,3390223,63.35
115,1,-2.001176745877062,63.30,63.40,63.10,63.40,1703159,63.35,63.40,63.55,63.30,63.40,3390223,63.35,63.15,63.45,62.80,63.15,5110138,63.15
116,1,-0.9793256274643641,63.40,63.55,63.30,63.40,3390223,63.35,63.15,63.45,62.80,63.15,5110138,63.15,63.40,63.45,63.10,63.10,6715690,63.05
117,1,-0.871764423482538,63.15,63.45,62.80,63.15,5110138,63.15,63.40,63.45,63.10,63.10,6715690,63.05,63.70,63.70,63.40,63.40,9544840,63.40
118,1,-0.7398256595069057,63.40,63.45,63.10,63.10,6715690,63.05,63.70,63.70,63.40,63.40,9544840,63.40,63.15,63.80,63.15,63.70,11647085,63.70
119,-1,0.16611155882941925,63.70,63.70,63.40,63.40,9544840,63.40,63.15,63.80,63.15,63.70,11647085,63.70,63.05,63.20,62.95,63.10,8034252,63.10
120,-1,0.26882214166512897,63.15,63.80,63.15,63.70,11647085,63.70,63.05,63.20,62.95,63.10,8034252,63.10,62.85,63.10,62.85,63.05,8643880,63.00
121,1,-0.6691760138775957,63.05,63.20,62.95,63.10,8034252,63.10,62.85,63.10,62.85,63.05,8643880,63.00,62.85,62.90,62.65,62.75,13448718,62.75
122,1,-0.689495324768569,62.85,63.10,62.85,63.05,8643880,63.00,62.85,62.90,62.65,62.75,13448718,62.75,62.00,62.65,61.95,62.65,14665439,62.60
123,1,0.5260115326892519,62.85,62.90,62.65,62.75,13448718,62.75,62.00,62.65,61.95,62.65,14665439,62.60,62.00,62.20,61.75,61.80,6524205,61.80
124,1,0.3273330465467582,62.00,62.65,61.95,62.65,14665439,62.60,62.00,62.20,61.75,61.80,6524205,61.80,61.90,62.30,61.90,62.10,9946886,62.10
125,1,-0.09513769859693215,62.00,62.20,61.75,61.80,6524205,61.80,61.90,62.30,61.90,62.10,9946886,62.10,61.85,62.00,61.80,61.85,7165881,61.85
126,-1,0.08847849378908625,61.90,62.30,61.90,62.10,9946886,62.10,61.85,62.00,61.80,61.85,7165881,61.85,61.65,61.85,61.40,61.85,9138648,61.80
127,1,-0.24007602011937298,61.85,62.00,61.80,61.85,7165881,61.85,61.65,61.85,61.40,61.85,9138648,61.80,61.75,61.85,61.55,61.75,8903574,61.75
128,1,-0.1743723195148221,61.65,61.85,61.40,61.85,9138648,61.80,61.75,61.85,61.55,61.75,8903574,61.75,61.60,61.80,61.45,61.80,10739563,61.80
129,1,0.37145256847207253,61.75,61.85,61.55,61.75,8903574,61.75,61.60,61.80,61.45,61.80,10739563,61.80,61.60,61.75,61.35,61.45,5610714,61.45
130,-1,0.6385768025170925,61.60,61.80,61.45,61.80,10739563,61.80,61.60,61.75,61.35,61.45,5610714,61.45,61.50,61.50,61.10,61.15,3933661,61.15
131,1,0.29750916255609916,61.60,61.75,61.35,61.45,5610714,61.45,61.50,61.50,61.10,61.15,3933661,61.15,61.70,61.85,61.45,61.45,3932389,61.45
132,1,0.020285507923055328,61.50,61.50,61.10,61.15,3933661,61.15,61.70,61.85,61.45,61.45,3932389,61.45,61.60,61.85,61.40,61.85,3831478,61.80
133,-1,-0.9993014774045154,61.70,61.85,61.45,61.45,3932389,61.45,61.60,61.85,61.40,61.85,3831478,61.80,61.50,61.60,61.20,61.40,7877926,61.40
134,-1,-1.6901676609855325,61.60,61.85,61.40,61.85,3831478,61.80,61.50,61.60,61.20,61.40,7877926,61.40,61.50,61.75,61.10,61.55,10313513,61.55
135,1,0.13100313458136062,61.50,61.60,61.20,61.40,7877926,61.40,61.50,61.75,61.10,61.55,10313513,61.55,61.55,61.60,61.00,61.20,6845893,61.20
136,-1,0.26018070131332843,61.50,61.75,61.10,61.55,10313513,61.55,61.55,61.60,61.00,61.20,6845893,61.20,61.15,61.65,61.15,61.30,7646838,61.25
137,1,0.1846980655399531,61.55,61.60,61.00,61.20,6845893,61.20,61.15,61.65,61.15,61.30,7646838,61.25,61.40,61.45,60.80,61.00,5598140,61.00
138,-1,0.14992843385141338,61.15,61.65,61.15,61.30,7646838,61.25,61.40,61.45,60.80,61.00,5598140,61.00,61.25,61.50,61.10,61.35,6518965,61.30
139,1,-0.5161139300937694,61.40,61.45,60.80,61.00,5598140,61.00,61.25,61.50,61.10,61.35,6518965,61.30,60.30,61.50,60.30,61.25,8482863,61.20
140,-1,-2.518191588583202,61.25,61.50,61.10,61.35,6518965,61.30,60.30,61.50,60.30,61.25,8482863,61.20,61.65,61.80,60.60,60.70,22903168,60.70
141,1,0.4624945823701037,60.30,61.50,60.30,61.25,8482863,61.20,61.65,61.80,60.60,60.70,22903168,60.70,61.70,61.80,61.60,61.75,4518205,61.75
142,1,0.7563758709717775,61.65,61.80,60.60,60.70,22903168,60.70,61.70,61.80,61.60,61.75,4518205,61.75,61.85,62.05,61.50,61.65,5487114,61.65
143,-1,-1.0248575522780157,61.70,61.80,61.60,61.75,4518205,61.75,61.85,62.05,61.50,61.65,5487114,61.65,61.55,61.95,61.55,61.75,9137755,61.75
144,1,0.38578353019610323,61.85,62.05,61.50,61.65,5487114,61.65,61.55,61.95,61.55,61.75,9137755,61.75,61.45,61.65,61.45,61.55,3405648,61.55
145,-1,0.22679291630420445,61.55,61.95,61.55,61.75,9137755,61.75,61.45,61.65,61.45,61.55,3405648,61.55,61.75,61.90,61.50,61.55,7072752,61.55
146,1,-0.03298185437094376,61.45,61.65,61.45,61.55,3405648,61.55,61.75,61.90,61.50,61.55,7072752,61.55,61.30,61.40,61.10,61.15,3531783,61.15
147,1,0.009722576841102476,61.75,61.90,61.50,61.55,7072752,61.55,61.30,61.40,61.10,61.15,3531783,61.15,61.35,61.50,61.10,61.30,7049691,61.30
148,1,-2.9346392586374286,61.30,61.40,61.10,61.15,3531783,61.15,61.35,61.50,61.10,61.30,7049691,61.30,61.20,61.45,61.20,61.35,13893416,61.30
149,-1,-0.8954893573937687,61.35,61.50,61.10,61.30,7049691,61.30,61.20,61.45,61.20,61.35,13893416,61.30,61.10,61.20,60.90,61.05,13397003,61.05
150,-1,-0.07614333972189982,61.20,61.45,61.20,61.35,13893416,61.30,61.10,61.20,60.90,61.05,13397003,61.05,60.80,61.15,60.80,61.15,15019135,61.15
151,1,-0.008349742683328243,61.10,61.20,60.90,61.05,13397003,61.05,60.80,61.15,60.80,61.15,15019135,61.15,61.25,61.30,60.90,61.20,13486974,61.20
152,-1,0.19737165744064045,60.80,61.15,60.80,61.15,15019135,61.15,61.25,61.30,60.90,61.20,13486974,61.20,60.80,61.10,60.80,61.00,12067064,61.00
153,-1,-0.03239471243675131,61.25,61.30,60.90,61.20,13486974,61.20,60.80,61.10,60.80,61.00,12067064,61.00,60.45,60.90,60.45,60.80,14011887,60.80
154,1,0.06673066236211962,60.80,61.10,60.80,61.00,12067064,61.00,60.45,60.90,60.45,60.80,14011887,60.80,60.40,60.50,60.30,60.50,11380319,60.45
155,1,0.09849158701356413,60.45,60.90,60.45,60.80,14011887,60.80,60.40,60.50,60.30,60.50,11380319,60.45,60.80,60.95,60.65,60.65,12620330,60.65
156,1,-0.6895064971449961,60.40,60.50,60.30,60.50,11380319,60.45,60.80,60.95,60.65,60.65,12620330,60.65,60.80,61.15,60.80,60.80,19104855,60.80
157,-1,-1.2791599639569273,60.80,60.95,60.65,60.65,12620330,60.65,60.80,61.15,60.80,60.80,19104855,60.80,60.25,60.60,60.20,60.60,28836222,60.55
158,-1,0.11674415133752503,60.80,61.15,60.80,60.80,19104855,60.80,60.25,60.60,60.20,60.60,28836222,60.55,60.05,60.15,59.90,60.10,17186901,60.10
159,1,0.308960536639036,60.25,60.60,60.20,60.60,28836222,60.55,60.05,60.15,59.90,60.10,17186901,60.10,59.85,60.10,59.80,59.90,20164890,59.90
160,1,0.34994465869610686,60.05,60.15,59.90,60.10,17186901,60.10,59.85,60.10,59.80,59.90,20164890,59.90,59.50,59.85,59.45,59.80,11258157,59.80
161,1,0.5117275084797992,59.85,60.10,59.80,59.90,20164890,59.90,59.50,59.85,59.45,59.80,11258157,59.80,59.45,59.70,59.35,59.70,9980170,59.65
162,1,0.5751211633375866,59.50,59.85,59.45,59.80,11258157,59.80,59.45,59.70,59.35,59.70,9980170,59.65,58.50,59.15,58.50,59.15,4915027,59.10
163,1,-0.11929349618887211,59.45,59.70,59.35,59.70,9980170,59.65,58.50,59.15,58.50,59.15,4915027,59.10,58.45,58.65,58.25,58.65,11346270,58.60
164,1,0.16553116449963404,58.50,59.15,58.50,59.15,4915027,59.10,58.45,58.65,58.25,58.65,11346270,58.60,58.65,58.65,58.40,58.50,4142984,58.50
165,1,-0.6298379876779002,58.45,58.65,58.25,58.65,11346270,58.60,58.65,58.65,58.40,58.50,4142984,58.50,58.70,58.70,58.30,58.50,18482909,58.45
166,1,-1.392455604633662,58.65,58.65,58.40,58.50,4142984,58.50,58.70,58.70,58.30,58.50,18482909,58.45,59.40,59.45,58.95,59.25,9855394,59.20
167,1,0.18220797683174206,58.70,58.70,58.30,58.50,18482909,58.45,59.40,59.45,58.95,59.25,9855394,59.20,59.40,59.50,59.20,59.40,14863279,59.40
168,-1,0.09270619169728944,59.40,59.45,58.95,59.25,9855394,59.20,59.40,59.50,59.20,59.40,14863279,59.40,59.15,59.20,58.90,59.05,8983182,59.05
169,-1,0.09847252424452727,59.40,59.50,59.20,59.40,14863279,59.40,59.15,59.20,58.90,59.05,8983182,59.05,59.15,59.30,59.10,59.15,13449615,59.15
170,1,-1.8702380474439362,59.15,59.20,58.90,59.05,8983182,59.05,59.15,59.30,59.10,59.15,13449615,59.15,59.25,59.80,59.25,59.75,25692825,59.70
171,-1,0.8064110308832796,59.15,59.30,59.10,59.15,13449615,59.15,59.25,59.80,59.25,59.75,25692825,59.70,58.85,59.00,58.75,58.80,2671739,58.80
172,-1,0.8125024035330296,59.25,59.80,59.25,59.75,25692825,59.70,58.85,59.00,58.75,58.80,2671739,58.80,59.25,59.45,59.15,59.35,4967719,59.30
173,1,-1.9751897489783854,58.85,59.00,58.75,58.80,2671739,58.80,59.25,59.45,59.15,59.35,4967719,59.30,59.30,59.40,58.95,59.05,7930817,59.00
174,-1,-5.124350119908578,59.25,59.45,59.15,59.35,4967719,59.30,59.30,59.40,58.95,59.05,7930817,59.00,59.30,59.80,59.30,59.40,30394804,59.40
175,1,-2.303560769648059,59.30,59.40,58.95,59.05,7930817,59.00,59.30,59.80,59.30,59.40,30394804,59.40,58.35,59.20,58.35,59.15,26226639,59.15
176,-1,0.7955095326298112,59.30,59.80,59.30,59.40,30394804,59.40,58.35,59.20,58.35,59.15,26226639,59.15,58.20,58.45,58.20,58.30,6901618,58.30
177,1,0.784415191775462,58.35,59.20,58.35,59.15,26226639,59.15,58.20,58.45,58.20,58.30,6901618,58.30,57.90,58.00,57.70,57.70,6185686,57.70
178,1,-0.15704923265088405,58.20,58.45,58.20,58.30,6901618,58.30,57.90,58.00,57.70,57.70,6185686,57.70,57.80,58.15,57.50,57.95,8020935,57.90
179,1,0.3978921026092643,57.90,58.00,57.70,57.70,6185686,57.70,57.80,58.15,57.50,57.95,8020935,57.90,58.30,58.45,58.30,58.30,3676458,58.30
180,-1,-0.12230411277226658,57.80,58.15,57.50,57.95,8020935,57.90,58.30,58.45,58.30,58.30,3676458,58.30,58.00,58.50,57.95,58.40,8953651,58.35
181,-1,-1.341768397958365,58.30,58.45,58.30,58.30,3676458,58.30,58.00,58.50,57.95,58.40,8953651,58.35,58.25,58.25,57.95,58.15,8621993,58.15
182,-1,0.1779431310380975,58.00,58.50,57.95,58.40,8953651,58.35,58.25,58.25,57.95,58.15,8621993,58.15,58.40,58.45,57.80,57.90,7368063,57.90
183,1,-1.0119514605778572,58.25,58.25,57.95,58.15,8621993,58.15,58.40,58.45,57.80,57.90,7368063,57.90,58.40,58.45,58.20,58.20,17317428,58.20
184,1,-0.8575992069364302,58.40,58.45,57.80,57.90,7368063,57.90,58.40,58.45,58.20,58.20,17317428,58.20,58.05,58.05,57.60,57.65,13737331,57.65
185,-1,0.23241380935736672,58.40,58.45,58.20,58.20,17317428,58.20,58.05,58.05,57.60,57.65,13737331,57.65,58.10,58.20,58.05,58.15,13366688,58.15
186,1,0.04549503445134693,58.05,58.05,57.60,57.65,13737331,57.65,58.10,58.20,58.05,58.15,13366688,58.15,57.95,58.15,57.80,58.15,13088686,58.15
187,-1,-0.1555923508452286,58.10,58.20,58.05,58.15,13366688,58.15,57.95,58.15,57.80,58.15,13088686,58.15,58.10,58.25,57.95,57.95,15434959,57.95
